Alcaldia,Fecha,Categoria,Valor
Milpa Alta,2017-03-31,Hombres,7.5
Milpa Alta,2017-03-31,Mujeres,21.4
Milpa Alta,2017-06-30,Hombres,13.8
Milpa Alta,2017-06-30,Mujeres,22.7
Milpa Alta,2017-09-30,Hombres,16.3
Milpa Alta,2017-09-30,Mujeres,63.3
Milpa Alta,2017-12-31,Hombres,13.3
Milpa Alta,2017-12-31,Mujeres,57.8
Milpa Alta,2018-03-31,Hombres,42.1
Milpa Alta,2018-03-31,Mujeres,41.5
Milpa Alta,2018-06-30,Hombres,26.6
Milpa Alta,2018-06-30,Mujeres,69.3
Milpa Alta,2018-09-30,Hombres,31.9
Milpa Alta,2018-09-30,Mujeres,37.4
Milpa Alta,2018-12-31,Hombres,28.5
Milpa Alta,2018-12-31,Mujeres,23.5
Milpa Alta,2019-03-31,Hombres,44.3
Milpa Alta,2019-03-31,Mujeres,30.2
Milpa Alta,2019-06-30,Hombres,26.6
Milpa Alta,2019-06-30,Mujeres,61.0
Milpa Alta,2019-09-30,Hombres,28.2
Milpa Alta,2019-09-30,Mujeres,34.7
Milpa Alta,2019-12-31,Hombres,26.2
Milpa Alta,2019-12-31,Mujeres,34.3
Milpa Alta,2020-09-30,Hombres,15.6
Milpa Alta,2020-09-30,Mujeres,28.5
Milpa Alta,2020-12-31,Hombres,20.7
Milpa Alta,2020-12-31,Mujeres,32.6
Milpa Alta,2021-06-30,Hombres,18.7
Milpa Alta,2021-06-30,Mujeres,32.6
Milpa Alta,2021-09-30,Hombres,20.6
Milpa Alta,2021-09-30,Mujeres,34.5
Milpa Alta,2021-12-31,Hombres,18.4
Milpa Alta,2021-12-31,Mujeres,35.3
Milpa Alta,2022-03-31,Hombres,14.6
Milpa Alta,2022-03-31,Mujeres,30.0
Milpa Alta,2022-06-30,Hombres,20.1
Milpa Alta,2022-06-30,Mujeres,33.0
Milpa Alta,2022-09-30,Hombres,23.1
Milpa Alta,2022-09-30,Mujeres,32.7
Milpa Alta,2022-12-31,Hombres,22.8
Milpa Alta,2022-12-31,Mujeres,36.4
Milpa Alta,2023-03-31,Hombres,22.5
Milpa Alta,2023-03-31,Mujeres,33.1
Milpa Alta,2023-06-30,Hombres,20.7
Milpa Alta,2023-06-30,Mujeres,35.2
Milpa Alta,2023-09-30,Hombres,18.5
Milpa Alta,2023-09-30,Mujeres,31.6
Milpa Alta,2023-12-31,Hombres,21.7
Milpa Alta,2023-12-31,Mujeres,34.1
Milpa Alta,2024-03-31,Hombres,17.8
Milpa Alta,2024-03-31,Mujeres,30.2
Milpa Alta,2024-06-30,Hombres,19.7
Milpa Alta,2024-06-30,Mujeres,29.4
Milpa Alta,2024-09-30,Hombres,17.0
Milpa Alta,2024-09-30,Mujeres,27.3
Cuajimalpa de Morelos,2017-03-31,Hombres,51.6
Cuajimalpa de Morelos,2017-03-31,Mujeres,29.4
Cuajimalpa de Morelos,2017-06-30,Hombres,56.0
Cuajimalpa de Morelos,2017-06-30,Mujeres,22.2
Cuajimalpa de Morelos,2017-09-30,Hombres,66.2
Cuajimalpa de Morelos,2017-09-30,Mujeres,33.8
Cuajimalpa de Morelos,2017-12-31,Hombres,40.0
Cuajimalpa de Morelos,2017-12-31,Mujeres,
Cuajimalpa de Morelos,2018-03-31,Hombres,
Cuajimalpa de Morelos,2018-03-31,Mujeres,100.0
Cuajimalpa de Morelos,2018-06-30,Hombres,
Cuajimalpa de Morelos,2018-06-30,Mujeres,66.7
Cuajimalpa de Morelos,2018-09-30,Hombres,20.4
Cuajimalpa de Morelos,2018-09-30,Mujeres,27.9
Cuajimalpa de Morelos,2018-12-31,Hombres,27.3
Cuajimalpa de Morelos,2018-12-31,Mujeres,32.0
Cuajimalpa de Morelos,2019-03-31,Hombres,22.3
Cuajimalpa de Morelos,2019-03-31,Mujeres,42.2
Cuajimalpa de Morelos,2019-06-30,Hombres,21.2
Cuajimalpa de Morelos,2019-06-30,Mujeres,18.7
Cuajimalpa de Morelos,2019-09-30,Hombres,21.0
Cuajimalpa de Morelos,2019-09-30,Mujeres,38.4
Cuajimalpa de Morelos,2019-12-31,Hombres,21.3
Cuajimalpa de Morelos,2019-12-31,Mujeres,31.7
Cuajimalpa de Morelos,2020-09-30,Hombres,10.9
Cuajimalpa de Morelos,2020-09-30,Mujeres,23.3
Cuajimalpa de Morelos,2020-12-31,Hombres,16.9
Cuajimalpa de Morelos,2020-12-31,Mujeres,21.7
Cuajimalpa de Morelos,2021-06-30,Hombres,11.2
Cuajimalpa de Morelos,2021-06-30,Mujeres,26.7
Cuajimalpa de Morelos,2021-09-30,Hombres,19.8
Cuajimalpa de Morelos,2021-09-30,Mujeres,28.0
Cuajimalpa de Morelos,2021-12-31,Hombres,18.3
Cuajimalpa de Morelos,2021-12-31,Mujeres,32.0
Cuajimalpa de Morelos,2022-03-31,Hombres,19.1
Cuajimalpa de Morelos,2022-03-31,Mujeres,31.5
Cuajimalpa de Morelos,2022-06-30,Hombres,16.4
Cuajimalpa de Morelos,2022-06-30,Mujeres,26.6
Cuajimalpa de Morelos,2022-09-30,Hombres,10.2
Cuajimalpa de Morelos,2022-09-30,Mujeres,15.6
Cuajimalpa de Morelos,2022-12-31,Hombres,12.1
Cuajimalpa de Morelos,2022-12-31,Mujeres,16.6
Cuajimalpa de Morelos,2023-03-31,Hombres,12.4
Cuajimalpa de Morelos,2023-03-31,Mujeres,15.1
Cuajimalpa de Morelos,2023-06-30,Hombres,12.4
Cuajimalpa de Morelos,2023-06-30,Mujeres,16.4
Cuajimalpa de Morelos,2023-09-30,Hombres,11.3
Cuajimalpa de Morelos,2023-09-30,Mujeres,17.1
Cuajimalpa de Morelos,2023-12-31,Hombres,15.2
Cuajimalpa de Morelos,2023-12-31,Mujeres,17.5
Cuajimalpa de Morelos,2024-03-31,Hombres,9.2
Cuajimalpa de Morelos,2024-03-31,Mujeres,15.0
Cuajimalpa de Morelos,2024-06-30,Hombres,12.1
Cuajimalpa de Morelos,2024-06-30,Mujeres,13.5
Cuajimalpa de Morelos,2024-09-30,Hombres,13.6
Cuajimalpa de Morelos,2024-09-30,Mujeres,19.9
Iztapalapa,2016-12-31,Hombres,79.73
Iztapalapa,2017-03-31,Hombres,81.61
Iztapalapa,2017-06-30,Hombres,72.48
Iztapalapa,2017-09-30,Hombres,77.25
Iztapalapa,2017-12-31,Hombres,85.98
Iztapalapa,2018-03-31,Hombres,86.77
Iztapalapa,2018-06-30,Hombres,85.8
Iztapalapa,2018-09-30,Hombres,82.36
Iztapalapa,2018-12-31,Hombres,82.98
Iztapalapa,2019-03-31,Hombres,79.85
Iztapalapa,2019-06-30,Hombres,79.01
Iztapalapa,2019-09-30,Hombres,74.12
Iztapalapa,2019-12-31,Hombres,75.55
Iztapalapa,2020-03-31,Hombres,71.04
Iztapalapa,2020-12-31,Hombres,75.42
Iztapalapa,2021-03-31,Hombres,74.58
Iztapalapa,2021-06-30,Hombres,62.55
Iztapalapa,2021-09-30,Hombres,53.01
Iztapalapa,2021-12-31,Hombres,63.2
Iztapalapa,2022-03-31,Hombres,62.4
Iztapalapa,2022-06-30,Hombres,57.7
Iztapalapa,2022-09-30,Hombres,59.3
Iztapalapa,2022-12-31,Hombres,64.1
Iztapalapa,2023-03-31,Hombres,59.9
Iztapalapa,2023-06-30,Hombres,62.0
Iztapalapa,2023-09-30,Hombres,58.8
Iztapalapa,2023-12-31,Hombres,50.9
Iztapalapa,2024-03-31,Hombres,52.1
Iztapalapa,2024-06-30,Hombres,44.0
Iztapalapa,2024-09-30,Hombres,52.6
Iztapalapa,2024-12-31,Hombres,58.2
Iztapalapa,2025-03-31,Hombres,62.77
Iztapalapa,2025-06-30,Hombres,66.82
Iztapalapa,2025-09-30,Hombres,69.2
Iztapalapa,2025-12-31,Hombres,73.15
Iztapalapa,2026-03-31,Hombres,71.41
Iztapalapa,2026-06-30,Hombres,70.4
Benito Juárez,2017-03-31,Hombres,35.4
Benito Juárez,2017-03-31,Mujeres,42.3
Benito Juárez,2017-06-30,Hombres,21.4
Benito Juárez,2017-06-30,Mujeres,41.1
Benito Juárez,2017-09-30,Hombres,35.2
Benito Juárez,2017-09-30,Mujeres,47.9
Benito Juárez,2017-12-31,Hombres,31.1
Benito Juárez,2017-12-31,Mujeres,47.8
Benito Juárez,2018-03-31,Hombres,28.3
Benito Juárez,2018-03-31,Mujeres,30.4
Benito Juárez,2018-06-30,Hombres,31.4
Benito Juárez,2018-06-30,Mujeres,30.3
Benito Juárez,2018-09-30,Hombres,26.7
Benito Juárez,2018-09-30,Mujeres,31.9
Benito Juárez,2018-12-31,Hombres,28.8
Benito Juárez,2018-12-31,Mujeres,43.5
Benito Juárez,2019-03-31,Hombres,28.7
Benito Juárez,2019-03-31,Mujeres,35.4
Benito Juárez,2019-06-30,Hombres,30.2
Benito Juárez,2019-06-30,Mujeres,36.6
Benito Juárez,2019-09-30,Hombres,30.1
Benito Juárez,2019-09-30,Mujeres,25.1
Benito Juárez,2019-12-31,Hombres,29.6
Benito Juárez,2019-12-31,Mujeres,29.4
Benito Juárez,2020-09-30,Hombres,17.2
Benito Juárez,2020-09-30,Mujeres,24.5
Benito Juárez,2020-12-31,Hombres,14.6
Benito Juárez,2020-12-31,Mujeres,25.5
Benito Juárez,2021-06-30,Hombres,15.5
Benito Juárez,2021-06-30,Mujeres,21.0
Benito Juárez,2021-09-30,Hombres,12.1
Benito Juárez,2021-09-30,Mujeres,18.2
Benito Juárez,2021-12-31,Hombres,16.5
Benito Juárez,2021-12-31,Mujeres,18.5
Benito Juárez,2022-03-31,Hombres,14.3
Benito Juárez,2022-03-31,Mujeres,13.7
Benito Juárez,2022-06-30,Hombres,11.5
Benito Juárez,2022-06-30,Mujeres,15.2
Benito Juárez,2022-09-30,Hombres,14.1
Benito Juárez,2022-09-30,Mujeres,11.2
Benito Juárez,2022-12-31,Hombres,12.9
Benito Juárez,2022-12-31,Mujeres,11.1
Benito Juárez,2023-03-31,Hombres,12.7
Benito Juárez,2023-03-31,Mujeres,15.4
Benito Juárez,2023-06-30,Hombres,7.9
Benito Juárez,2023-06-30,Mujeres,17.7
Benito Juárez,2023-09-30,Hombres,8.8
Benito Juárez,2023-09-30,Mujeres,15.2
Benito Juárez,2023-12-31,Hombres,9.7
Benito Juárez,2023-12-31,Mujeres,17.0
Benito Juárez,2024-03-31,Hombres,9.3
Benito Juárez,2024-03-31,Mujeres,17.0
Benito Juárez,2024-06-30,Hombres,11.0
Benito Juárez,2024-06-30,Mujeres,14.0
Benito Juárez,2024-09-30,Hombres,10.2
Benito Juárez,2024-09-30,Mujeres,13.9
Xochimilco,2017-03-31,Hombres,36.4
Xochimilco,2017-03-31,Mujeres,35.9
Xochimilco,2017-06-30,Hombres,31.9
Xochimilco,2017-06-30,Mujeres,26.7
Xochimilco,2017-09-30,Hombres,27.5
Xochimilco,2017-09-30,Mujeres,38.4
Xochimilco,2017-12-31,Hombres,38.9
Xochimilco,2017-12-31,Mujeres,32.5
Xochimilco,2018-03-31,Hombres,29.5
Xochimilco,2018-03-31,Mujeres,37.9
Xochimilco,2018-06-30,Hombres,44.9
Xochimilco,2018-06-30,Mujeres,39.3
Xochimilco,2018-09-30,Hombres,28.2
Xochimilco,2018-09-30,Mujeres,42.3
Xochimilco,2018-12-31,Hombres,24.4
Xochimilco,2018-12-31,Mujeres,57.3
Xochimilco,2019-03-31,Hombres,38.6
Xochimilco,2019-03-31,Mujeres,45.1
Xochimilco,2019-06-30,Hombres,34.9
Xochimilco,2019-06-30,Mujeres,46.1
Xochimilco,2019-09-30,Hombres,31.9
Xochimilco,2019-09-30,Mujeres,43.2
Xochimilco,2019-12-31,Hombres,29.6
Xochimilco,2019-12-31,Mujeres,42.1
Xochimilco,2020-09-30,Hombres,27.0
Xochimilco,2020-09-30,Mujeres,37.8
Xochimilco,2020-12-31,Hombres,30.1
Xochimilco,2020-12-31,Mujeres,39.9
Xochimilco,2021-06-30,Hombres,30.1
Xochimilco,2021-06-30,Mujeres,40.7
Xochimilco,2021-09-30,Hombres,28.4
Xochimilco,2021-09-30,Mujeres,37.2
Xochimilco,2021-12-31,Hombres,29.9
Xochimilco,2021-12-31,Mujeres,36.7
Xochimilco,2022-03-31,Hombres,26.2
Xochimilco,2022-03-31,Mujeres,39.0
Xochimilco,2022-06-30,Hombres,28.7
Xochimilco,2022-06-30,Mujeres,36.7
Xochimilco,2022-09-30,Hombres,25.2
Xochimilco,2022-09-30,Mujeres,30.8
Xochimilco,2022-12-31,Hombres,28.9
Xochimilco,2022-12-31,Mujeres,37.2
Xochimilco,2023-03-31,Hombres,22.8
Xochimilco,2023-03-31,Mujeres,34.8
Xochimilco,2023-06-30,Hombres,25.8
Xochimilco,2023-06-30,Mujeres,30.9
Xochimilco,2023-09-30,Hombres,25.9
Xochimilco,2023-09-30,Mujeres,33.7
Xochimilco,2023-12-31,Hombres,18.5
Xochimilco,2023-12-31,Mujeres,35.0
Xochimilco,2024-03-31,Hombres,24.5
Xochimilco,2024-03-31,Mujeres,32.5
Xochimilco,2024-06-30,Hombres,21.9
Xochimilco,2024-06-30,Mujeres,30.2
Xochimilco,2024-09-30,Hombres,25.8
Xochimilco,2024-09-30,Mujeres,31.6
Tlalpan,2017-03-31,Hombres,29.4
Tlalpan,2017-03-31,Mujeres,39.9
Tlalpan,2017-06-30,Hombres,33.7
Tlalpan,2017-06-30,Mujeres,40.4
Tlalpan,2017-09-30,Hombres,35.2
Tlalpan,2017-09-30,Mujeres,46.6
Tlalpan,2017-12-31,Hombres,34.3
Tlalpan,2017-12-31,Mujeres,31.0
Tlalpan,2018-03-31,Hombres,40.8
Tlalpan,2018-03-31,Mujeres,31.9
Tlalpan,2018-06-30,Hombres,31.4
Tlalpan,2018-06-30,Mujeres,44.1
Tlalpan,2018-09-30,Hombres,35.5
Tlalpan,2018-09-30,Mujeres,42.4
Tlalpan,2018-12-31,Hombres,28.8
Tlalpan,2018-12-31,Mujeres,30.4
Tlalpan,2019-03-31,Hombres,28.1
Tlalpan,2019-03-31,Mujeres,42.2
Tlalpan,2019-06-30,Hombres,30.9
Tlalpan,2019-06-30,Mujeres,37.7
Tlalpan,2019-09-30,Hombres,29.0
Tlalpan,2019-09-30,Mujeres,38.7
Tlalpan,2019-12-31,Hombres,28.1
Tlalpan,2019-12-31,Mujeres,44.2
Tlalpan,2020-09-30,Hombres,27.7
Tlalpan,2020-09-30,Mujeres,42.3
Tlalpan,2020-12-31,Hombres,27.5
Tlalpan,2020-12-31,Mujeres,43.2
Tlalpan,2021-06-30,Hombres,30.3
Tlalpan,2021-06-30,Mujeres,39.2
Tlalpan,2021-09-30,Hombres,25.6
Tlalpan,2021-09-30,Mujeres,35.2
Tlalpan,2021-12-31,Hombres,25.3
Tlalpan,2021-12-31,Mujeres,37.9
Tlalpan,2022-03-31,Hombres,25.1
Tlalpan,2022-03-31,Mujeres,38.8
Tlalpan,2022-06-30,Hombres,24.4
Tlalpan,2022-06-30,Mujeres,35.9
Tlalpan,2022-09-30,Hombres,24.4
Tlalpan,2022-09-30,Mujeres,31.9
Tlalpan,2022-12-31,Hombres,26.6
Tlalpan,2022-12-31,Mujeres,36.0
Tlalpan,2023-03-31,Hombres,17.1
Tlalpan,2023-03-31,Mujeres,31.1
Tlalpan,2023-06-30,Hombres,21.4
Tlalpan,2023-06-30,Mujeres,29.0
Tlalpan,2023-09-30,Hombres,20.7
Tlalpan,2023-09-30,Mujeres,32.2
Tlalpan,2023-12-31,Hombres,21.9
Tlalpan,2023-12-31,Mujeres,28.8
Tlalpan,2024-03-31,Hombres,22.2
Tlalpan,2024-03-31,Mujeres,31.5
Tlalpan,2024-06-30,Hombres,15.3
Tlalpan,2024-06-30,Mujeres,25.5
Tlalpan,2024-09-30,Hombres,21.3
Tlalpan,2024-09-30,Mujeres,34.5
Miguel Hidalgo,2017-03-31,Hombres,49.6
Miguel Hidalgo,2017-03-31,Mujeres,40.0
Miguel Hidalgo,2017-06-30,Hombres,36.6
Miguel Hidalgo,2017-06-30,Mujeres,51.3
Miguel Hidalgo,2017-09-30,Hombres,32.1
Miguel Hidalgo,2017-09-30,Mujeres,40.5
Miguel Hidalgo,2017-12-31,Hombres,20.5
Miguel Hidalgo,2017-12-31,Mujeres,38.7
Miguel Hidalgo,2018-03-31,Hombres,14.6
Miguel Hidalgo,2018-03-31,Mujeres,52.3
Miguel Hidalgo,2018-06-30,Hombres,20.5
Miguel Hidalgo,2018-06-30,Mujeres,55.7
Miguel Hidalgo,2018-09-30,Hombres,28.6
Miguel Hidalgo,2018-09-30,Mujeres,37.6
Miguel Hidalgo,2018-12-31,Hombres,25.7
Miguel Hidalgo,2018-12-31,Mujeres,37.4
Miguel Hidalgo,2019-03-31,Hombres,44.0
Miguel Hidalgo,2019-03-31,Mujeres,22.3
Miguel Hidalgo,2019-06-30,Hombres,48.3
Miguel Hidalgo,2019-06-30,Mujeres,22.5
Miguel Hidalgo,2019-09-30,Hombres,30.9
Miguel Hidalgo,2019-09-30,Mujeres,31.5
Miguel Hidalgo,2019-12-31,Hombres,33.8
Miguel Hidalgo,2019-12-31,Mujeres,33.7
Miguel Hidalgo,2020-09-30,Hombres,27.3
Miguel Hidalgo,2020-09-30,Mujeres,34.3
Miguel Hidalgo,2020-12-31,Hombres,18.3
Miguel Hidalgo,2020-12-31,Mujeres,39.7
Miguel Hidalgo,2021-06-30,Hombres,21.5
Miguel Hidalgo,2021-06-30,Mujeres,35.1
Miguel Hidalgo,2021-09-30,Hombres,25.8
Miguel Hidalgo,2021-09-30,Mujeres,33.8
Miguel Hidalgo,2021-12-31,Hombres,26.7
Miguel Hidalgo,2021-12-31,Mujeres,43.2
Miguel Hidalgo,2022-03-31,Hombres,22.7
Miguel Hidalgo,2022-03-31,Mujeres,33.5
Miguel Hidalgo,2022-06-30,Hombres,19.3
Miguel Hidalgo,2022-06-30,Mujeres,28.2
Miguel Hidalgo,2022-09-30,Hombres,23.9
Miguel Hidalgo,2022-09-30,Mujeres,28.6
Miguel Hidalgo,2022-12-31,Hombres,20.4
Miguel Hidalgo,2022-12-31,Mujeres,26.2
Miguel Hidalgo,2023-03-31,Hombres,25.6
Miguel Hidalgo,2023-03-31,Mujeres,20.5
Miguel Hidalgo,2023-06-30,Hombres,20.0
Miguel Hidalgo,2023-06-30,Mujeres,19.9
Miguel Hidalgo,2023-09-30,Hombres,23.5
Miguel Hidalgo,2023-09-30,Mujeres,20.7
Miguel Hidalgo,2023-12-31,Hombres,26.8
Miguel Hidalgo,2023-12-31,Mujeres,24.4
Miguel Hidalgo,2024-03-31,Hombres,13.2
Miguel Hidalgo,2024-03-31,Mujeres,20.2
Miguel Hidalgo,2024-06-30,Hombres,16.1
Miguel Hidalgo,2024-06-30,Mujeres,32.9
Miguel Hidalgo,2024-09-30,Hombres,19.8
Miguel Hidalgo,2024-09-30,Mujeres,31.8
Cuauhtémoc,2017-03-31,Hombres,42.4
Cuauhtémoc,2017-03-31,Mujeres,33.3
Cuauhtémoc,2017-06-30,Hombres,31.8
Cuauhtémoc,2017-06-30,Mujeres,40.1
Cuauhtémoc,2017-09-30,Hombres,25.9
Cuauhtémoc,2017-09-30,Mujeres,40.9
Cuauhtémoc,2017-12-31,Hombres,35.6
Cuauhtémoc,2017-12-31,Mujeres,45.2
Cuauhtémoc,2018-03-31,Hombres,28.2
Cuauhtémoc,2018-03-31,Mujeres,48.5
Cuauhtémoc,2018-06-30,Hombres,28.6
Cuauhtémoc,2018-06-30,Mujeres,39.2
Cuauhtémoc,2018-09-30,Hombres,33.3
Cuauhtémoc,2018-09-30,Mujeres,39.3
Cuauhtémoc,2018-12-31,Hombres,31.6
Cuauhtémoc,2018-12-31,Mujeres,51.9
Cuauhtémoc,2019-03-31,Hombres,24.2
Cuauhtémoc,2019-03-31,Mujeres,58.0
Cuauhtémoc,2019-06-30,Hombres,33.1
Cuauhtémoc,2019-06-30,Mujeres,46.3
Cuauhtémoc,2019-09-30,Hombres,26.6
Cuauhtémoc,2019-09-30,Mujeres,39.2
Cuauhtémoc,2019-12-31,Hombres,30.7
Cuauhtémoc,2019-12-31,Mujeres,45.6
Cuauhtémoc,2020-09-30,Hombres,27.7
Cuauhtémoc,2020-09-30,Mujeres,33.5
Cuauhtémoc,2020-12-31,Hombres,25.7
Cuauhtémoc,2020-12-31,Mujeres,33.7
Cuauhtémoc,2021-06-30,Hombres,22.8
Cuauhtémoc,2021-06-30,Mujeres,28.2
Cuauhtémoc,2021-09-30,Hombres,24.3
Cuauhtémoc,2021-09-30,Mujeres,24.2
Cuauhtémoc,2021-12-31,Hombres,26.4
Cuauhtémoc,2021-12-31,Mujeres,29.8
Cuauhtémoc,2022-03-31,Hombres,30.0
Cuauhtémoc,2022-03-31,Mujeres,31.4
Cuauhtémoc,2022-06-30,Hombres,25.2
Cuauhtémoc,2022-06-30,Mujeres,31.7
Cuauhtémoc,2022-09-30,Hombres,25.6
Cuauhtémoc,2022-09-30,Mujeres,35.2
Cuauhtémoc,2022-12-31,Hombres,21.7
Cuauhtémoc,2022-12-31,Mujeres,31.4
Cuauhtémoc,2023-03-31,Hombres,18.2
Cuauhtémoc,2023-03-31,Mujeres,24.4
Cuauhtémoc,2023-06-30,Hombres,20.0
Cuauhtémoc,2023-06-30,Mujeres,34.3
Cuauhtémoc,2023-09-30,Hombres,20.5
Cuauhtémoc,2023-09-30,Mujeres,37.6
Cuauhtémoc,2023-12-31,Hombres,22.0
Cuauhtémoc,2023-12-31,Mujeres,31.8
Cuauhtémoc,2024-03-31,Hombres,22.7
Cuauhtémoc,2024-03-31,Mujeres,34.7
Cuauhtémoc,2024-06-30,Hombres,16.6
Cuauhtémoc,2024-06-30,Mujeres,26.8
Cuauhtémoc,2024-09-30,Hombres,19.5
Cuauhtémoc,2024-09-30,Mujeres,25.1
Tláhuac,2017-03-31,Hombres,25.0
Tláhuac,2017-03-31,Mujeres,47.3
Tláhuac,2017-06-30,Hombres,38.9
Tláhuac,2017-06-30,Mujeres,35.9
Tláhuac,2017-09-30,Hombres,47.0
Tláhuac,2017-09-30,Mujeres,40.5
Tláhuac,2017-12-31,Hombres,53.1
Tláhuac,2017-12-31,Mujeres,32.4
Tláhuac,2018-03-31,Hombres,43.1
Tláhuac,2018-03-31,Mujeres,46.0
Tláhuac,2018-06-30,Hombres,49.2
Tláhuac,2018-06-30,Mujeres,37.9
Tláhuac,2018-09-30,Hombres,34.2
Tláhuac,2018-09-30,Mujeres,47.4
Tláhuac,2018-12-31,Hombres,24.7
Tláhuac,2018-12-31,Mujeres,55.4
Tláhuac,2019-03-31,Hombres,28.1
Tláhuac,2019-03-31,Mujeres,52.8
Tláhuac,2019-06-30,Hombres,30.9
Tláhuac,2019-06-30,Mujeres,54.7
Tláhuac,2019-09-30,Hombres,27.1
Tláhuac,2019-09-30,Mujeres,46.2
Tláhuac,2019-12-31,Hombres,26.2
Tláhuac,2019-12-31,Mujeres,44.4
Tláhuac,2020-09-30,Hombres,34.7
Tláhuac,2020-09-30,Mujeres,36.4
Tláhuac,2020-12-31,Hombres,29.2
Tláhuac,2020-12-31,Mujeres,32.2
Tláhuac,2021-06-30,Hombres,32.8
Tláhuac,2021-06-30,Mujeres,40.1
Tláhuac,2021-09-30,Hombres,31.6
Tláhuac,2021-09-30,Mujeres,36.5
Tláhuac,2021-12-31,Hombres,31.3
Tláhuac,2021-12-31,Mujeres,34.9
Tláhuac,2022-03-31,Hombres,30.2
Tláhuac,2022-03-31,Mujeres,34.5
Tláhuac,2022-06-30,Hombres,29.9
Tláhuac,2022-06-30,Mujeres,34.6
Tláhuac,2022-09-30,Hombres,31.0
Tláhuac,2022-09-30,Mujeres,38.9
Tláhuac,2022-12-31,Hombres,25.4
Tláhuac,2022-12-31,Mujeres,39.9
Tláhuac,2023-03-31,Hombres,23.0
Tláhuac,2023-03-31,Mujeres,39.1
Tláhuac,2023-06-30,Hombres,21.3
Tláhuac,2023-06-30,Mujeres,38.4
Tláhuac,2023-09-30,Hombres,23.0
Tláhuac,2023-09-30,Mujeres,37.6
Tláhuac,2023-12-31,Hombres,25.9
Tláhuac,2023-12-31,Mujeres,33.5
Tláhuac,2024-03-31,Hombres,22.0
Tláhuac,2024-03-31,Mujeres,29.5
Tláhuac,2024-06-30,Hombres,26.3
Tláhuac,2024-06-30,Mujeres,24.6
Tláhuac,2024-09-30,Hombres,22.8
Tláhuac,2024-09-30,Mujeres,30.8
Coyoacán,2017-03-31,Hombres,27.3
Coyoacán,2017-03-31,Mujeres,44.5
Coyoacán,2017-06-30,Hombres,26.0
Coyoacán,2017-06-30,Mujeres,37.5
Coyoacán,2017-09-30,Hombres,30.4
Coyoacán,2017-09-30,Mujeres,42.0
Coyoacán,2017-12-31,Hombres,26.6
Coyoacán,2017-12-31,Mujeres,50.2
Coyoacán,2018-03-31,Hombres,20.2
Coyoacán,2018-03-31,Mujeres,45.5
Coyoacán,2018-06-30,Hombres,26.0
Coyoacán,2018-06-30,Mujeres,36.4
Coyoacán,2018-09-30,Hombres,36.3
Coyoacán,2018-09-30,Mujeres,28.7
Coyoacán,2018-12-31,Hombres,34.8
Coyoacán,2018-12-31,Mujeres,42.9
Coyoacán,2019-03-31,Hombres,31.5
Coyoacán,2019-03-31,Mujeres,46.8
Coyoacán,2019-06-30,Hombres,27.4
Coyoacán,2019-06-30,Mujeres,50.5
Coyoacán,2019-09-30,Hombres,24.9
Coyoacán,2019-09-30,Mujeres,38.6
Coyoacán,2019-12-31,Hombres,30.2
Coyoacán,2019-12-31,Mujeres,31.3
Coyoacán,2020-09-30,Hombres,23.8
Coyoacán,2020-09-30,Mujeres,29.8
Coyoacán,2020-12-31,Hombres,21.9
Coyoacán,2020-12-31,Mujeres,30.5
Coyoacán,2021-06-30,Hombres,25.5
Coyoacán,2021-06-30,Mujeres,26.0
Coyoacán,2021-09-30,Hombres,20.2
Coyoacán,2021-09-30,Mujeres,26.1
Coyoacán,2021-12-31,Hombres,19.5
Coyoacán,2021-12-31,Mujeres,17.2
Coyoacán,2022-03-31,Hombres,26.8
Coyoacán,2022-03-31,Mujeres,31.2
Coyoacán,2022-06-30,Hombres,25.1
Coyoacán,2022-06-30,Mujeres,27.2
Coyoacán,2022-09-30,Hombres,23.8
Coyoacán,2022-09-30,Mujeres,29.3
Coyoacán,2022-12-31,Hombres,16.0
Coyoacán,2022-12-31,Mujeres,23.8
Coyoacán,2023-03-31,Hombres,17.3
Coyoacán,2023-03-31,Mujeres,27.9
Coyoacán,2023-06-30,Hombres,19.5
Coyoacán,2023-06-30,Mujeres,26.4
Coyoacán,2023-09-30,Hombres,20.9
Coyoacán,2023-09-30,Mujeres,27.9
Coyoacán,2023-12-31,Hombres,17.4
Coyoacán,2023-12-31,Mujeres,29.9
Coyoacán,2024-03-31,Hombres,17.1
Coyoacán,2024-03-31,Mujeres,27.7
Coyoacán,2024-06-30,Hombres,20.0
Coyoacán,2024-06-30,Mujeres,25.4
Coyoacán,2024-09-30,Hombres,18.4
Coyoacán,2024-09-30,Mujeres,28.8
Azcapotzalco,2017-03-31,Hombres,21.7
Azcapotzalco,2017-03-31,Mujeres,59.1
Azcapotzalco,2017-06-30,Hombres,23.6
Azcapotzalco,2017-06-30,Mujeres,50.2
Azcapotzalco,2017-09-30,Hombres,20.6
Azcapotzalco,2017-09-30,Mujeres,68.7
Azcapotzalco,2017-12-31,Hombres,16.8
Azcapotzalco,2017-12-31,Mujeres,60.6
Azcapotzalco,2018-03-31,Hombres,20.2
Azcapotzalco,2018-03-31,Mujeres,71.5
Azcapotzalco,2018-06-30,Hombres,37.4
Azcapotzalco,2018-06-30,Mujeres,38.4
Azcapotzalco,2018-09-30,Hombres,30.5
Azcapotzalco,2018-09-30,Mujeres,39.2
Azcapotzalco,2018-12-31,Hombres,28.1
Azcapotzalco,2018-12-31,Mujeres,36.1
Azcapotzalco,2019-03-31,Hombres,37.6
Azcapotzalco,2019-03-31,Mujeres,35.4
Azcapotzalco,2019-06-30,Hombres,37.5
Azcapotzalco,2019-06-30,Mujeres,52.1
Azcapotzalco,2019-09-30,Hombres,33.2
Azcapotzalco,2019-09-30,Mujeres,32.2
Azcapotzalco,2019-12-31,Hombres,39.0
Azcapotzalco,2019-12-31,Mujeres,38.5
Azcapotzalco,2020-09-30,Hombres,30.5
Azcapotzalco,2020-09-30,Mujeres,39.4
Azcapotzalco,2020-12-31,Hombres,27.6
Azcapotzalco,2020-12-31,Mujeres,37.9
Azcapotzalco,2021-06-30,Hombres,30.1
Azcapotzalco,2021-06-30,Mujeres,33.5
Azcapotzalco,2021-09-30,Hombres,25.1
Azcapotzalco,2021-09-30,Mujeres,37.6
Azcapotzalco,2021-12-31,Hombres,31.1
Azcapotzalco,2021-12-31,Mujeres,40.1
Azcapotzalco,2022-03-31,Hombres,37.1
Azcapotzalco,2022-03-31,Mujeres,38.4
Azcapotzalco,2022-06-30,Hombres,28.9
Azcapotzalco,2022-06-30,Mujeres,31.7
Azcapotzalco,2022-09-30,Hombres,23.0
Azcapotzalco,2022-09-30,Mujeres,37.2
Azcapotzalco,2022-12-31,Hombres,21.0
Azcapotzalco,2022-12-31,Mujeres,25.9
Azcapotzalco,2023-03-31,Hombres,23.2
Azcapotzalco,2023-03-31,Mujeres,26.1
Azcapotzalco,2023-06-30,Hombres,22.0
Azcapotzalco,2023-06-30,Mujeres,24.9
Azcapotzalco,2023-09-30,Hombres,25.8
Azcapotzalco,2023-09-30,Mujeres,26.8
Azcapotzalco,2023-12-31,Hombres,20.2
Azcapotzalco,2023-12-31,Mujeres,25.4
Azcapotzalco,2024-03-31,Hombres,23.6
Azcapotzalco,2024-03-31,Mujeres,23.0
Azcapotzalco,2024-06-30,Hombres,30.1
Azcapotzalco,2024-06-30,Mujeres,33.6
Azcapotzalco,2024-09-30,Hombres,25.1
Azcapotzalco,2024-09-30,Mujeres,31.5
Álvaro Obregón,2017-03-31,Hombres,37.9
Álvaro Obregón,2017-03-31,Mujeres,50.6
Álvaro Obregón,2017-06-30,Hombres,38.3
Álvaro Obregón,2017-06-30,Mujeres,43.9
Álvaro Obregón,2017-09-30,Hombres,40.2
Álvaro Obregón,2017-09-30,Mujeres,41.4
Álvaro Obregón,2017-12-31,Hombres,36.7
Álvaro Obregón,2017-12-31,Mujeres,40.4
Álvaro Obregón,2018-03-31,Hombres,40.2
Álvaro Obregón,2018-03-31,Mujeres,33.7
Álvaro Obregón,2018-06-30,Hombres,36.1
Álvaro Obregón,2018-06-30,Mujeres,40.7
Álvaro Obregón,2018-09-30,Hombres,36.5
Álvaro Obregón,2018-09-30,Mujeres,40.0
Álvaro Obregón,2018-12-31,Hombres,29.3
Álvaro Obregón,2018-12-31,Mujeres,49.8
Álvaro Obregón,2019-03-31,Hombres,32.7
Álvaro Obregón,2019-03-31,Mujeres,42.4
Álvaro Obregón,2019-06-30,Hombres,22.8
Álvaro Obregón,2019-06-30,Mujeres,38.4
Álvaro Obregón,2019-09-30,Hombres,25.8
Álvaro Obregón,2019-09-30,Mujeres,42.8
Álvaro Obregón,2019-12-31,Hombres,32.5
Álvaro Obregón,2019-12-31,Mujeres,44.6
Álvaro Obregón,2020-09-30,Hombres,23.0
Álvaro Obregón,2020-09-30,Mujeres,36.5
Álvaro Obregón,2020-12-31,Hombres,24.3
Álvaro Obregón,2020-12-31,Mujeres,40.4
Álvaro Obregón,2021-06-30,Hombres,30.3
Álvaro Obregón,2021-06-30,Mujeres,36.9
Álvaro Obregón,2021-09-30,Hombres,30.4
Álvaro Obregón,2021-09-30,Mujeres,33.3
Álvaro Obregón,2021-12-31,Hombres,29.8
Álvaro Obregón,2021-12-31,Mujeres,37.2
Álvaro Obregón,2022-03-31,Hombres,19.3
Álvaro Obregón,2022-03-31,Mujeres,32.8
Álvaro Obregón,2022-06-30,Hombres,25.1
Álvaro Obregón,2022-06-30,Mujeres,37.1
Álvaro Obregón,2022-09-30,Hombres,26.4
Álvaro Obregón,2022-09-30,Mujeres,33.7
Álvaro Obregón,2022-12-31,Hombres,22.5
Álvaro Obregón,2022-12-31,Mujeres,31.2
Álvaro Obregón,2023-03-31,Hombres,22.0
Álvaro Obregón,2023-03-31,Mujeres,27.1
Álvaro Obregón,2023-06-30,Hombres,25.7
Álvaro Obregón,2023-06-30,Mujeres,29.7
Álvaro Obregón,2023-09-30,Hombres,25.0
Álvaro Obregón,2023-09-30,Mujeres,32.3
Álvaro Obregón,2023-12-31,Hombres,28.4
Álvaro Obregón,2023-12-31,Mujeres,31.9
Álvaro Obregón,2024-03-31,Hombres,23.7
Álvaro Obregón,2024-03-31,Mujeres,29.7
Álvaro Obregón,2024-06-30,Hombres,18.6
Álvaro Obregón,2024-06-30,Mujeres,28.3
Álvaro Obregón,2024-09-30,Hombres,16.2
Álvaro Obregón,2024-09-30,Mujeres,25.3
Iztacalco,2017-03-31,Hombres,50.4
Iztacalco,2017-03-31,Mujeres,44.4
Iztacalco,2017-06-30,Hombres,42.2
Iztacalco,2017-06-30,Mujeres,41.5
Iztacalco,2017-09-30,Hombres,52.3
Iztacalco,2017-09-30,Mujeres,45.8
Iztacalco,2017-12-31,Hombres,48.1
Iztacalco,2017-12-31,Mujeres,32.3
Iztacalco,2018-03-31,Hombres,39.2
Iztacalco,2018-03-31,Mujeres,45.1
Iztacalco,2018-06-30,Hombres,37.4
Iztacalco,2018-06-30,Mujeres,34.6
Iztacalco,2018-09-30,Hombres,26.4
Iztacalco,2018-09-30,Mujeres,42.7
Iztacalco,2018-12-31,Hombres,29.7
Iztacalco,2018-12-31,Mujeres,50.5
Iztacalco,2019-03-31,Hombres,26.5
Iztacalco,2019-03-31,Mujeres,46.6
Iztacalco,2019-06-30,Hombres,34.3
Iztacalco,2019-06-30,Mujeres,59.8
Iztacalco,2019-09-30,Hombres,29.6
Iztacalco,2019-09-30,Mujeres,41.1
Iztacalco,2019-12-31,Hombres,36.1
Iztacalco,2019-12-31,Mujeres,37.1
Iztacalco,2020-09-30,Hombres,33.0
Iztacalco,2020-09-30,Mujeres,38.6
Iztacalco,2020-12-31,Hombres,32.4
Iztacalco,2020-12-31,Mujeres,35.7
Iztacalco,2021-06-30,Hombres,24.7
Iztacalco,2021-06-30,Mujeres,40.3
Iztacalco,2021-09-30,Hombres,24.2
Iztacalco,2021-09-30,Mujeres,36.7
Iztacalco,2021-12-31,Hombres,25.1
Iztacalco,2021-12-31,Mujeres,38.9
Iztacalco,2022-03-31,Hombres,21.5
Iztacalco,2022-03-31,Mujeres,34.6
Iztacalco,2022-06-30,Hombres,22.7
Iztacalco,2022-06-30,Mujeres,42.2
Iztacalco,2022-09-30,Hombres,24.8
Iztacalco,2022-09-30,Mujeres,35.3
Iztacalco,2022-12-31,Hombres,27.0
Iztacalco,2022-12-31,Mujeres,39.7
Iztacalco,2023-03-31,Hombres,26.3
Iztacalco,2023-03-31,Mujeres,39.3
Iztacalco,2023-06-30,Hombres,27.8
Iztacalco,2023-06-30,Mujeres,37.3
Iztacalco,2023-09-30,Hombres,25.9
Iztacalco,2023-09-30,Mujeres,32.9
Iztacalco,2023-12-31,Hombres,19.9
Iztacalco,2023-12-31,Mujeres,32.1
Iztacalco,2024-03-31,Hombres,23.7
Iztacalco,2024-03-31,Mujeres,28.9
Iztacalco,2024-06-30,Hombres,25.8
Iztacalco,2024-06-30,Mujeres,31.1
Iztacalco,2024-09-30,Hombres,22.9
Iztacalco,2024-09-30,Mujeres,28.5
Magdalena Contreras,2017-03-31,Hombres,29.2
Magdalena Contreras,2017-03-31,Mujeres,24.8
Magdalena Contreras,2017-06-30,Hombres,35.3
Magdalena Contreras,2017-06-30,Mujeres,36.7
Magdalena Contreras,2017-09-30,Hombres,28.4
Magdalena Contreras,2017-09-30,Mujeres,43.4
Magdalena Contreras,2017-12-31,Hombres,28.5
Magdalena Contreras,2017-12-31,Mujeres,56.5
Magdalena Contreras,2018-03-31,Hombres,33.2
Magdalena Contreras,2018-03-31,Mujeres,41.2
Magdalena Contreras,2018-06-30,Hombres,28.0
Magdalena Contreras,2018-06-30,Mujeres,44.5
Magdalena Contreras,2018-09-30,Hombres,34.6
Magdalena Contreras,2018-09-30,Mujeres,39.7
Magdalena Contreras,2018-12-31,Hombres,38.8
Magdalena Contreras,2018-12-31,Mujeres,48.5
Magdalena Contreras,2019-03-31,Hombres,44.9
Magdalena Contreras,2019-03-31,Mujeres,50.1
Magdalena Contreras,2019-06-30,Hombres,34.3
Magdalena Contreras,2019-06-30,Mujeres,48.7
Magdalena Contreras,2019-09-30,Hombres,31.3
Magdalena Contreras,2019-09-30,Mujeres,34.1
Magdalena Contreras,2019-12-31,Hombres,25.1
Magdalena Contreras,2019-12-31,Mujeres,37.4
Magdalena Contreras,2020-09-30,Hombres,29.0
Magdalena Contreras,2020-09-30,Mujeres,34.8
Magdalena Contreras,2020-12-31,Hombres,26.4
Magdalena Contreras,2020-12-31,Mujeres,34.8
Magdalena Contreras,2021-06-30,Hombres,25.2
Magdalena Contreras,2021-06-30,Mujeres,38.6
Magdalena Contreras,2021-09-30,Hombres,20.5
Magdalena Contreras,2021-09-30,Mujeres,35.1
Magdalena Contreras,2021-12-31,Hombres,27.3
Magdalena Contreras,2021-12-31,Mujeres,38.9
Magdalena Contreras,2022-03-31,Hombres,26.0
Magdalena Contreras,2022-03-31,Mujeres,37.8
Magdalena Contreras,2022-06-30,Hombres,23.5
Magdalena Contreras,2022-06-30,Mujeres,33.8
Magdalena Contreras,2022-09-30,Hombres,22.0
Magdalena Contreras,2022-09-30,Mujeres,28.8
Magdalena Contreras,2022-12-31,Hombres,22.2
Magdalena Contreras,2022-12-31,Mujeres,29.4
Magdalena Contreras,2023-03-31,Hombres,21.6
Magdalena Contreras,2023-03-31,Mujeres,30.9
Magdalena Contreras,2023-06-30,Hombres,19.4
Magdalena Contreras,2023-06-30,Mujeres,32.5
Magdalena Contreras,2023-09-30,Hombres,23.6
Magdalena Contreras,2023-09-30,Mujeres,33.5
Magdalena Contreras,2023-12-31,Hombres,17.8
Magdalena Contreras,2023-12-31,Mujeres,35.6
Magdalena Contreras,2024-03-31,Hombres,26.3
Magdalena Contreras,2024-03-31,Mujeres,34.8
Magdalena Contreras,2024-06-30,Hombres,20.0
Magdalena Contreras,2024-06-30,Mujeres,23.0
Magdalena Contreras,2024-09-30,Hombres,17.6
Magdalena Contreras,2024-09-30,Mujeres,28.2
Gustavo A. Madero,2017-03-31,Hombres,34.1
Gustavo A. Madero,2017-03-31,Mujeres,45.9
Gustavo A. Madero,2017-06-30,Hombres,34.2
Gustavo A. Madero,2017-06-30,Mujeres,46.3
Gustavo A. Madero,2017-09-30,Hombres,39.4
Gustavo A. Madero,2017-09-30,Mujeres,44.2
Gustavo A. Madero,2017-12-31,Hombres,35.3
Gustavo A. Madero,2017-12-31,Mujeres,43.2
Gustavo A. Madero,2018-03-31,Hombres,36.3
Gustavo A. Madero,2018-03-31,Mujeres,46.2
Gustavo A. Madero,2018-06-30,Hombres,48.6
Gustavo A. Madero,2018-06-30,Mujeres,43.0
Gustavo A. Madero,2018-09-30,Hombres,42.4
Gustavo A. Madero,2018-09-30,Mujeres,43.1
Gustavo A. Madero,2018-12-31,Hombres,41.8
Gustavo A. Madero,2018-12-31,Mujeres,39.7
Gustavo A. Madero,2019-03-31,Hombres,38.2
Gustavo A. Madero,2019-03-31,Mujeres,42.9
Gustavo A. Madero,2019-06-30,Hombres,36.3
Gustavo A. Madero,2019-06-30,Mujeres,37.1
Gustavo A. Madero,2019-09-30,Hombres,30.5
Gustavo A. Madero,2019-09-30,Mujeres,43.0
Gustavo A. Madero,2019-12-31,Hombres,30.9
Gustavo A. Madero,2019-12-31,Mujeres,42.3
Gustavo A. Madero,2020-09-30,Hombres,27.0
Gustavo A. Madero,2020-09-30,Mujeres,43.9
Gustavo A. Madero,2020-12-31,Hombres,30.1
Gustavo A. Madero,2020-12-31,Mujeres,48.8
Gustavo A. Madero,2021-06-30,Hombres,28.5
Gustavo A. Madero,2021-06-30,Mujeres,38.0
Gustavo A. Madero,2021-09-30,Hombres,23.4
Gustavo A. Madero,2021-09-30,Mujeres,38.5
Gustavo A. Madero,2021-12-31,Hombres,21.0
Gustavo A. Madero,2021-12-31,Mujeres,37.5
Gustavo A. Madero,2022-03-31,Hombres,21.4
Gustavo A. Madero,2022-03-31,Mujeres,32.5
Gustavo A. Madero,2022-06-30,Hombres,24.8
Gustavo A. Madero,2022-06-30,Mujeres,37.0
Gustavo A. Madero,2022-09-30,Hombres,21.0
Gustavo A. Madero,2022-09-30,Mujeres,35.4
Gustavo A. Madero,2022-12-31,Hombres,28.6
Gustavo A. Madero,2022-12-31,Mujeres,33.4
Gustavo A. Madero,2023-03-31,Hombres,26.1
Gustavo A. Madero,2023-03-31,Mujeres,34.1
Gustavo A. Madero,2023-06-30,Hombres,21.2
Gustavo A. Madero,2023-06-30,Mujeres,33.1
Gustavo A. Madero,2023-09-30,Hombres,23.0
Gustavo A. Madero,2023-09-30,Mujeres,32.3
Gustavo A. Madero,2023-12-31,Hombres,23.9
Gustavo A. Madero,2023-12-31,Mujeres,36.8
Gustavo A. Madero,2024-03-31,Hombres,19.5
Gustavo A. Madero,2024-03-31,Mujeres,34.9
Gustavo A. Madero,2024-06-30,Hombres,20.3
Gustavo A. Madero,2024-06-30,Mujeres,32.5
Gustavo A. Madero,2024-09-30,Hombres,22.7
Gustavo A. Madero,2024-09-30,Mujeres,33.6
Venustiano Carranza,2017-03-31,Hombres,41.3
Venustiano Carranza,2017-03-31,Mujeres,41.0
Venustiano Carranza,2017-06-30,Hombres,46.6
Venustiano Carranza,2017-06-30,Mujeres,32.0
Venustiano Carranza,2017-09-30,Hombres,43.1
Venustiano Carranza,2017-09-30,Mujeres,39.9
Venustiano Carranza,2017-12-31,Hombres,41.3
Venustiano Carranza,2017-12-31,Mujeres,48.0
Venustiano Carranza,2018-03-31,Hombres,31.8
Venustiano Carranza,2018-03-31,Mujeres,50.5
Venustiano Carranza,2018-06-30,Hombres,37.2
Venustiano Carranza,2018-06-30,Mujeres,58.5
Venustiano Carranza,2018-09-30,Hombres,33.6
Venustiano Carranza,2018-09-30,Mujeres,41.8
Venustiano Carranza,2018-12-31,Hombres,35.8
Venustiano Carranza,2018-12-31,Mujeres,49.2
Venustiano Carranza,2019-03-31,Hombres,25.0
Venustiano Carranza,2019-03-31,Mujeres,39.0
Venustiano Carranza,2019-06-30,Hombres,30.3
Venustiano Carranza,2019-06-30,Mujeres,45.2
Venustiano Carranza,2019-09-30,Hombres,31.5
Venustiano Carranza,2019-09-30,Mujeres,39.9
Venustiano Carranza,2019-12-31,Hombres,26.6
Venustiano Carranza,2019-12-31,Mujeres,35.9
Venustiano Carranza,2020-09-30,Hombres,24.5
Venustiano Carranza,2020-09-30,Mujeres,39.4
Venustiano Carranza,2020-12-31,Hombres,25.5
Venustiano Carranza,2020-12-31,Mujeres,39.8
Venustiano Carranza,2021-06-30,Hombres,23.2
Venustiano Carranza,2021-06-30,Mujeres,36.6
Venustiano Carranza,2021-09-30,Hombres,23.0
Venustiano Carranza,2021-09-30,Mujeres,34.4
Venustiano Carranza,2021-12-31,Hombres,23.1
Venustiano Carranza,2021-12-31,Mujeres,29.7
Venustiano Carranza,2022-03-31,Hombres,18.3
Venustiano Carranza,2022-03-31,Mujeres,32.9
Venustiano Carranza,2022-06-30,Hombres,21.2
Venustiano Carranza,2022-06-30,Mujeres,31.8
Venustiano Carranza,2022-09-30,Hombres,19.5
Venustiano Carranza,2022-09-30,Mujeres,27.0
Venustiano Carranza,2022-12-31,Hombres,20.9
Venustiano Carranza,2022-12-31,Mujeres,22.8
Venustiano Carranza,2023-03-31,Hombres,19.0
Venustiano Carranza,2023-03-31,Mujeres,21.6
Venustiano Carranza,2023-06-30,Hombres,17.0
Venustiano Carranza,2023-06-30,Mujeres,32.5
Venustiano Carranza,2023-09-30,Hombres,24.4
Venustiano Carranza,2023-09-30,Mujeres,30.5
Venustiano Carranza,2023-12-31,Hombres,26.6
Venustiano Carranza,2023-12-31,Mujeres,28.2
Venustiano Carranza,2024-03-31,Hombres,19.3
Venustiano Carranza,2024-03-31,Mujeres,28.4
Venustiano Carranza,2024-06-30,Hombres,19.6
Venustiano Carranza,2024-06-30,Mujeres,29.9
Venustiano Carranza,2024-09-30,Hombres,19.9
Venustiano Carranza,2024-09-30,Mujeres,30.0
