 sexo,Question,Percentage,grupo_edad
"Hombre","Llevó y/o recogió de la guardería, de clases, de la casa de algún familiar o amigo para ser cuidado, a los integrantes del hogar de 0 a 14 años y sin cuidados especiales, durante la semana pasada","0.964923718868171","11-15"
"Hombre","Llevó y/o recogió de la guardería, de clases, de la casa de algún familiar o amigo para ser cuidado, a los integrantes del hogar de 0 a 14 años y sin cuidados especiales, durante la semana pasada","2.12544008345286","16-20"
"Hombre","Llevó y/o recogió de la guardería, de clases, de la casa de algún familiar o amigo para ser cuidado, a los integrantes del hogar de 0 a 14 años y sin cuidados especiales, durante la semana pasada","3.02516625374886","21-25"
"Hombre","Llevó y/o recogió de la guardería, de clases, de la casa de algún familiar o amigo para ser cuidado, a los integrantes del hogar de 0 a 14 años y sin cuidados especiales, durante la semana pasada","5.88081888121007","26-30"
"Hombre","Llevó y/o recogió de la guardería, de clases, de la casa de algún familiar o amigo para ser cuidado, a los integrantes del hogar de 0 a 14 años y sin cuidados especiales, durante la semana pasada","8.29312817838049","31-35"
"Hombre","Llevó y/o recogió de la guardería, de clases, de la casa de algún familiar o amigo para ser cuidado, a los integrantes del hogar de 0 a 14 años y sin cuidados especiales, durante la semana pasada","8.78862954752901","36-40"
"Hombre","Llevó y/o recogió de la guardería, de clases, de la casa de algún familiar o amigo para ser cuidado, a los integrantes del hogar de 0 a 14 años y sin cuidados especiales, durante la semana pasada","7.4325205372278","41-45"
"Hombre","Llevó y/o recogió de la guardería, de clases, de la casa de algún familiar o amigo para ser cuidado, a los integrantes del hogar de 0 a 14 años y sin cuidados especiales, durante la semana pasada","4.72030251662537","46-50"
"Hombre","Llevó y/o recogió de la guardería, de clases, de la casa de algún familiar o amigo para ser cuidado, a los integrantes del hogar de 0 a 14 años y sin cuidados especiales, durante la semana pasada","2.41230929717043","51-55"
"Hombre","Llevó y/o recogió de la guardería, de clases, de la casa de algún familiar o amigo para ser cuidado, a los integrantes del hogar de 0 a 14 años y sin cuidados especiales, durante la semana pasada","1.39522753944452","56-60"
"Hombre","Llevó y/o recogió de la guardería, de clases, de la casa de algún familiar o amigo para ser cuidado, a los integrantes del hogar de 0 a 14 años y sin cuidados especiales, durante la semana pasada","0.625896466292867","61-65"
"Hombre","Llevó y/o recogió de la guardería, de clases, de la casa de algún familiar o amigo para ser cuidado, a los integrantes del hogar de 0 a 14 años y sin cuidados especiales, durante la semana pasada","0.482461859434085","66-70"
"Hombre","Llevó y/o recogió de la guardería, de clases, de la casa de algún familiar o amigo para ser cuidado, a los integrantes del hogar de 0 a 14 años y sin cuidados especiales, durante la semana pasada","0.156474116573217","71-75"
"Hombre","Llevó y/o recogió de la guardería, de clases, de la casa de algún familiar o amigo para ser cuidado, a los integrantes del hogar de 0 a 14 años y sin cuidados especiales, durante la semana pasada","0.0521580388577389","76-80"
"Mujer","Llevó y/o recogió de la guardería, de clases, de la casa de algún familiar o amigo para ser cuidado, a los integrantes del hogar de 0 a 14 años y sin cuidados especiales, durante la semana pasada","0.534619898291824","11-15"
"Mujer","Llevó y/o recogió de la guardería, de clases, de la casa de algún familiar o amigo para ser cuidado, a los integrantes del hogar de 0 a 14 años y sin cuidados especiales, durante la semana pasada","1.8776893988786","16-20"
"Mujer","Llevó y/o recogió de la guardería, de clases, de la casa de algún familiar o amigo para ser cuidado, a los integrantes del hogar de 0 a 14 años y sin cuidados especiales, durante la semana pasada","5.38531751206155","21-25"
"Mujer","Llevó y/o recogió de la guardería, de clases, de la casa de algún familiar o amigo para ser cuidado, a los integrantes del hogar de 0 a 14 años y sin cuidados especiales, durante la semana pasada","10.1838570869735","26-30"
"Mujer","Llevó y/o recogió de la guardería, de clases, de la casa de algún familiar o amigo para ser cuidado, a los integrantes del hogar de 0 a 14 años y sin cuidados especiales, durante la semana pasada","11.3574129612727","31-35"
"Mujer","Llevó y/o recogió de la guardería, de clases, de la casa de algún familiar o amigo para ser cuidado, a los integrantes del hogar de 0 a 14 años y sin cuidados especiales, durante la semana pasada","10.4837658104055","36-40"
"Mujer","Llevó y/o recogió de la guardería, de clases, de la casa de algún familiar o amigo para ser cuidado, a los integrantes del hogar de 0 a 14 años y sin cuidados especiales, durante la semana pasada","7.30212544008345","41-45"
"Mujer","Llevó y/o recogió de la guardería, de clases, de la casa de algún familiar o amigo para ser cuidado, a los integrantes del hogar de 0 a 14 años y sin cuidados especiales, durante la semana pasada","3.89881340461599","46-50"
"Mujer","Llevó y/o recogió de la guardería, de clases, de la casa de algún familiar o amigo para ser cuidado, a los integrantes del hogar de 0 a 14 años y sin cuidados especiales, durante la semana pasada","1.31699048115791","51-55"
"Mujer","Llevó y/o recogió de la guardería, de clases, de la casa de algún familiar o amigo para ser cuidado, a los integrantes del hogar de 0 a 14 años y sin cuidados especiales, durante la semana pasada","0.730212544008345","56-60"
"Mujer","Llevó y/o recogió de la guardería, de clases, de la casa de algún familiar o amigo para ser cuidado, a los integrantes del hogar de 0 a 14 años y sin cuidados especiales, durante la semana pasada","0.312948233146434","61-65"
"Mujer","Llevó y/o recogió de la guardería, de clases, de la casa de algún familiar o amigo para ser cuidado, a los integrantes del hogar de 0 a 14 años y sin cuidados especiales, durante la semana pasada","0.169513626287652","66-70"
"Mujer","Llevó y/o recogió de la guardería, de clases, de la casa de algún familiar o amigo para ser cuidado, a los integrantes del hogar de 0 a 14 años y sin cuidados especiales, durante la semana pasada","0.0782370582866084","71-75"
"Mujer","Llevó y/o recogió de la guardería, de clases, de la casa de algún familiar o amigo para ser cuidado, a los integrantes del hogar de 0 a 14 años y sin cuidados especiales, durante la semana pasada","0.0130395097144347","76-80"
"Hombre","Dio terapia especial o ayudó a realizar ejercicios algún integrante del hogar de 0 a 14 años y sin cuidados especiales, durante la semana pasada","0.946372239747634","11-15"
"Hombre","Dio terapia especial o ayudó a realizar ejercicios algún integrante del hogar de 0 a 14 años y sin cuidados especiales, durante la semana pasada","3.31230283911672","16-20"
"Hombre","Dio terapia especial o ayudó a realizar ejercicios algún integrante del hogar de 0 a 14 años y sin cuidados especiales, durante la semana pasada","6.94006309148265","21-25"
"Hombre","Dio terapia especial o ayudó a realizar ejercicios algún integrante del hogar de 0 a 14 años y sin cuidados especiales, durante la semana pasada","9.62145110410095","26-30"
"Hombre","Dio terapia especial o ayudó a realizar ejercicios algún integrante del hogar de 0 a 14 años y sin cuidados especiales, durante la semana pasada","9.77917981072555","31-35"
"Hombre","Dio terapia especial o ayudó a realizar ejercicios algún integrante del hogar de 0 a 14 años y sin cuidados especiales, durante la semana pasada","8.51735015772871","36-40"
"Hombre","Dio terapia especial o ayudó a realizar ejercicios algún integrante del hogar de 0 a 14 años y sin cuidados especiales, durante la semana pasada","7.57097791798107","41-45"
"Hombre","Dio terapia especial o ayudó a realizar ejercicios algún integrante del hogar de 0 a 14 años y sin cuidados especiales, durante la semana pasada","4.10094637223975","46-50"
"Hombre","Dio terapia especial o ayudó a realizar ejercicios algún integrante del hogar de 0 a 14 años y sin cuidados especiales, durante la semana pasada","2.05047318611987","51-55"
"Hombre","Dio terapia especial o ayudó a realizar ejercicios algún integrante del hogar de 0 a 14 años y sin cuidados especiales, durante la semana pasada","0.946372239747634","56-60"
"Hombre","Dio terapia especial o ayudó a realizar ejercicios algún integrante del hogar de 0 a 14 años y sin cuidados especiales, durante la semana pasada","1.10410094637224","61-65"
"Hombre","Dio terapia especial o ayudó a realizar ejercicios algún integrante del hogar de 0 a 14 años y sin cuidados especiales, durante la semana pasada","0.315457413249211","66-70"
"Hombre","Dio terapia especial o ayudó a realizar ejercicios algún integrante del hogar de 0 a 14 años y sin cuidados especiales, durante la semana pasada","0.315457413249211","71-75"
"Mujer","Dio terapia especial o ayudó a realizar ejercicios algún integrante del hogar de 0 a 14 años y sin cuidados especiales, durante la semana pasada","1.26182965299685","11-15"
"Mujer","Dio terapia especial o ayudó a realizar ejercicios algún integrante del hogar de 0 a 14 años y sin cuidados especiales, durante la semana pasada","2.99684542586751","16-20"
"Mujer","Dio terapia especial o ayudó a realizar ejercicios algún integrante del hogar de 0 a 14 años y sin cuidados especiales, durante la semana pasada","6.15141955835962","21-25"
"Mujer","Dio terapia especial o ayudó a realizar ejercicios algún integrante del hogar de 0 a 14 años y sin cuidados especiales, durante la semana pasada","7.57097791798107","26-30"
"Mujer","Dio terapia especial o ayudó a realizar ejercicios algún integrante del hogar de 0 a 14 años y sin cuidados especiales, durante la semana pasada","9.14826498422713","31-35"
"Mujer","Dio terapia especial o ayudó a realizar ejercicios algún integrante del hogar de 0 a 14 años y sin cuidados especiales, durante la semana pasada","7.88643533123028","36-40"
"Mujer","Dio terapia especial o ayudó a realizar ejercicios algún integrante del hogar de 0 a 14 años y sin cuidados especiales, durante la semana pasada","5.04731861198738","41-45"
"Mujer","Dio terapia especial o ayudó a realizar ejercicios algún integrante del hogar de 0 a 14 años y sin cuidados especiales, durante la semana pasada","1.89274447949527","46-50"
"Mujer","Dio terapia especial o ayudó a realizar ejercicios algún integrante del hogar de 0 a 14 años y sin cuidados especiales, durante la semana pasada","1.57728706624606","51-55"
"Mujer","Dio terapia especial o ayudó a realizar ejercicios algún integrante del hogar de 0 a 14 años y sin cuidados especiales, durante la semana pasada","0.473186119873817","56-60"
"Mujer","Dio terapia especial o ayudó a realizar ejercicios algún integrante del hogar de 0 a 14 años y sin cuidados especiales, durante la semana pasada","0.315457413249211","61-65"
"Mujer","Dio terapia especial o ayudó a realizar ejercicios algún integrante del hogar de 0 a 14 años y sin cuidados especiales, durante la semana pasada","0.157728706624606","66-70"
"Hombre","Ayudó en las tareas de la escuela a algún integrante del hogar de 0 a 14 años y sin cuidados especiales, durante la semana pasada","1.63331530557058","11-15"
"Hombre","Ayudó en las tareas de la escuela a algún integrante del hogar de 0 a 14 años y sin cuidados especiales, durante la semana pasada","3.18009734991887","16-20"
"Hombre","Ayudó en las tareas de la escuela a algún integrante del hogar de 0 a 14 años y sin cuidados especiales, durante la semana pasada","3.35316387236344","21-25"
"Hombre","Ayudó en las tareas de la escuela a algún integrante del hogar de 0 a 14 años y sin cuidados especiales, durante la semana pasada","6.79286100594916","26-30"
"Hombre","Ayudó en las tareas de la escuela a algún integrante del hogar de 0 a 14 años y sin cuidados especiales, durante la semana pasada","8.31800973499189","31-35"
"Hombre","Ayudó en las tareas de la escuela a algún integrante del hogar de 0 a 14 años y sin cuidados especiales, durante la semana pasada","8.62087614926988","36-40"
"Hombre","Ayudó en las tareas de la escuela a algún integrante del hogar de 0 a 14 años y sin cuidados especiales, durante la semana pasada","6.53326122228231","41-45"
"Hombre","Ayudó en las tareas de la escuela a algún integrante del hogar de 0 a 14 años y sin cuidados especiales, durante la semana pasada","3.83991346673878","46-50"
"Hombre","Ayudó en las tareas de la escuela a algún integrante del hogar de 0 a 14 años y sin cuidados especiales, durante la semana pasada","2.15251487290427","51-55"
"Hombre","Ayudó en las tareas de la escuela a algún integrante del hogar de 0 a 14 años y sin cuidados especiales, durante la semana pasada","1.1790156841536","56-60"
"Hombre","Ayudó en las tareas de la escuela a algún integrante del hogar de 0 a 14 años y sin cuidados especiales, durante la semana pasada","0.454299621416982","61-65"
"Hombre","Ayudó en las tareas de la escuela a algún integrante del hogar de 0 a 14 años y sin cuidados especiales, durante la semana pasada","0.194699837750135","66-70"
"Hombre","Ayudó en las tareas de la escuela a algún integrante del hogar de 0 a 14 años y sin cuidados especiales, durante la semana pasada","0.075716603569497","71-75"
"Hombre","Ayudó en las tareas de la escuela a algún integrante del hogar de 0 a 14 años y sin cuidados especiales, durante la semana pasada","0.0108166576527853","81-85"
"Mujer","Ayudó en las tareas de la escuela a algún integrante del hogar de 0 a 14 años y sin cuidados especiales, durante la semana pasada","0.995132504056247","11-15"
"Mujer","Ayudó en las tareas de la escuela a algún integrante del hogar de 0 a 14 años y sin cuidados especiales, durante la semana pasada","2.48783126014062","16-20"
"Mujer","Ayudó en las tareas de la escuela a algún integrante del hogar de 0 a 14 años y sin cuidados especiales, durante la semana pasada","5.28934559221201","21-25"
"Mujer","Ayudó en las tareas de la escuela a algún integrante del hogar de 0 a 14 años y sin cuidados especiales, durante la semana pasada","10.3082747431044","26-30"
"Mujer","Ayudó en las tareas de la escuela a algún integrante del hogar de 0 a 14 años y sin cuidados especiales, durante la semana pasada","11.790156841536","31-35"
"Mujer","Ayudó en las tareas de la escuela a algún integrante del hogar de 0 a 14 años y sin cuidados especiales, durante la semana pasada","10.3839913466739","36-40"
"Mujer","Ayudó en las tareas de la escuela a algún integrante del hogar de 0 a 14 años y sin cuidados especiales, durante la semana pasada","7.04164413196322","41-45"
"Mujer","Ayudó en las tareas de la escuela a algún integrante del hogar de 0 a 14 años y sin cuidados especiales, durante la semana pasada","3.16928069226609","46-50"
"Mujer","Ayudó en las tareas de la escuela a algún integrante del hogar de 0 a 14 años y sin cuidados especiales, durante la semana pasada","1.1790156841536","51-55"
"Mujer","Ayudó en las tareas de la escuela a algún integrante del hogar de 0 a 14 años y sin cuidados especiales, durante la semana pasada","0.530016224986479","56-60"
"Mujer","Ayudó en las tareas de la escuela a algún integrante del hogar de 0 a 14 años y sin cuidados especiales, durante la semana pasada","0.335316387236344","61-65"
"Mujer","Ayudó en las tareas de la escuela a algún integrante del hogar de 0 a 14 años y sin cuidados especiales, durante la semana pasada","0.0973499188750676","66-70"
"Mujer","Ayudó en las tareas de la escuela a algún integrante del hogar de 0 a 14 años y sin cuidados especiales, durante la semana pasada","0.0432666306111412","71-75"
"Mujer","Ayudó en las tareas de la escuela a algún integrante del hogar de 0 a 14 años y sin cuidados especiales, durante la semana pasada","0.0108166576527853","76-80"
"Hombre","Asistió a juntas, festivales o actividades de apoyo en la guardería o escuela de algún integrante del hogar de 0 a 14 años y sin cuidados especiales, durante la semana pasada","0.52132701421801","11-15"
"Hombre","Asistió a juntas, festivales o actividades de apoyo en la guardería o escuela de algún integrante del hogar de 0 a 14 años y sin cuidados especiales, durante la semana pasada","1.37440758293839","16-20"
"Hombre","Asistió a juntas, festivales o actividades de apoyo en la guardería o escuela de algún integrante del hogar de 0 a 14 años y sin cuidados especiales, durante la semana pasada","2.03791469194313","21-25"
"Hombre","Asistió a juntas, festivales o actividades de apoyo en la guardería o escuela de algún integrante del hogar de 0 a 14 años y sin cuidados especiales, durante la semana pasada","3.7914691943128","26-30"
"Hombre","Asistió a juntas, festivales o actividades de apoyo en la guardería o escuela de algún integrante del hogar de 0 a 14 años y sin cuidados especiales, durante la semana pasada","5.30805687203791","31-35"
"Hombre","Asistió a juntas, festivales o actividades de apoyo en la guardería o escuela de algún integrante del hogar de 0 a 14 años y sin cuidados especiales, durante la semana pasada","6.35071090047393","36-40"
"Hombre","Asistió a juntas, festivales o actividades de apoyo en la guardería o escuela de algún integrante del hogar de 0 a 14 años y sin cuidados especiales, durante la semana pasada","6.01895734597156","41-45"
"Hombre","Asistió a juntas, festivales o actividades de apoyo en la guardería o escuela de algún integrante del hogar de 0 a 14 años y sin cuidados especiales, durante la semana pasada","3.69668246445498","46-50"
"Hombre","Asistió a juntas, festivales o actividades de apoyo en la guardería o escuela de algún integrante del hogar de 0 a 14 años y sin cuidados especiales, durante la semana pasada","1.23222748815166","51-55"
"Hombre","Asistió a juntas, festivales o actividades de apoyo en la guardería o escuela de algún integrante del hogar de 0 a 14 años y sin cuidados especiales, durante la semana pasada","0.853080568720379","56-60"
"Hombre","Asistió a juntas, festivales o actividades de apoyo en la guardería o escuela de algún integrante del hogar de 0 a 14 años y sin cuidados especiales, durante la semana pasada","0.37914691943128","61-65"
"Hombre","Asistió a juntas, festivales o actividades de apoyo en la guardería o escuela de algún integrante del hogar de 0 a 14 años y sin cuidados especiales, durante la semana pasada","0.14218009478673","66-70"
"Mujer","Asistió a juntas, festivales o actividades de apoyo en la guardería o escuela de algún integrante del hogar de 0 a 14 años y sin cuidados especiales, durante la semana pasada","0.4739336492891","11-15"
"Mujer","Asistió a juntas, festivales o actividades de apoyo en la guardería o escuela de algún integrante del hogar de 0 a 14 años y sin cuidados especiales, durante la semana pasada","1.56398104265403","16-20"
"Mujer","Asistió a juntas, festivales o actividades de apoyo en la guardería o escuela de algún integrante del hogar de 0 a 14 años y sin cuidados especiales, durante la semana pasada","5.92417061611374","21-25"
"Mujer","Asistió a juntas, festivales o actividades de apoyo en la guardería o escuela de algún integrante del hogar de 0 a 14 años y sin cuidados especiales, durante la semana pasada","12.9857819905213","26-30"
"Mujer","Asistió a juntas, festivales o actividades de apoyo en la guardería o escuela de algún integrante del hogar de 0 a 14 años y sin cuidados especiales, durante la semana pasada","14.8815165876777","31-35"
"Mujer","Asistió a juntas, festivales o actividades de apoyo en la guardería o escuela de algún integrante del hogar de 0 a 14 años y sin cuidados especiales, durante la semana pasada","14.8341232227488","36-40"
"Mujer","Asistió a juntas, festivales o actividades de apoyo en la guardería o escuela de algún integrante del hogar de 0 a 14 años y sin cuidados especiales, durante la semana pasada","9.0521327014218","41-45"
"Mujer","Asistió a juntas, festivales o actividades de apoyo en la guardería o escuela de algún integrante del hogar de 0 a 14 años y sin cuidados especiales, durante la semana pasada","5.02369668246445","46-50"
"Mujer","Asistió a juntas, festivales o actividades de apoyo en la guardería o escuela de algún integrante del hogar de 0 a 14 años y sin cuidados especiales, durante la semana pasada","2.13270142180095","51-55"
"Mujer","Asistió a juntas, festivales o actividades de apoyo en la guardería o escuela de algún integrante del hogar de 0 a 14 años y sin cuidados especiales, durante la semana pasada","0.616113744075829","56-60"
"Mujer","Asistió a juntas, festivales o actividades de apoyo en la guardería o escuela de algún integrante del hogar de 0 a 14 años y sin cuidados especiales, durante la semana pasada","0.4739336492891","61-65"
"Mujer","Asistió a juntas, festivales o actividades de apoyo en la guardería o escuela de algún integrante del hogar de 0 a 14 años y sin cuidados especiales, durante la semana pasada","0.18957345971564","66-70"
"Mujer","Asistió a juntas, festivales o actividades de apoyo en la guardería o escuela de algún integrante del hogar de 0 a 14 años y sin cuidados especiales, durante la semana pasada","0.14218009478673","71-75"
"Hombre","Llevó, recogió o esperó para que recibiera atención de salud (vacunas, dentista, chequeo médico, etcétera) a algún integrante del hogar de 0 a 14 años y sin cuidados especiales, durante la semana pasada","0.454201362604088","11-15"
"Hombre","Llevó, recogió o esperó para que recibiera atención de salud (vacunas, dentista, chequeo médico, etcétera) a algún integrante del hogar de 0 a 14 años y sin cuidados especiales, durante la semana pasada","1.2112036336109","16-20"
"Hombre","Llevó, recogió o esperó para que recibiera atención de salud (vacunas, dentista, chequeo médico, etcétera) a algún integrante del hogar de 0 a 14 años y sin cuidados especiales, durante la semana pasada","4.76911430734292","21-25"
"Hombre","Llevó, recogió o esperó para que recibiera atención de salud (vacunas, dentista, chequeo médico, etcétera) a algún integrante del hogar de 0 a 14 años y sin cuidados especiales, durante la semana pasada","7.64572293716881","26-30"
"Hombre","Llevó, recogió o esperó para que recibiera atención de salud (vacunas, dentista, chequeo médico, etcétera) a algún integrante del hogar de 0 a 14 años y sin cuidados especiales, durante la semana pasada","6.81302043906132","31-35"
"Hombre","Llevó, recogió o esperó para que recibiera atención de salud (vacunas, dentista, chequeo médico, etcétera) a algún integrante del hogar de 0 a 14 años y sin cuidados especiales, durante la semana pasada","7.26722180166541","36-40"
"Hombre","Llevó, recogió o esperó para que recibiera atención de salud (vacunas, dentista, chequeo médico, etcétera) a algún integrante del hogar de 0 a 14 años y sin cuidados especiales, durante la semana pasada","4.8448145344436","41-45"
"Hombre","Llevó, recogió o esperó para que recibiera atención de salud (vacunas, dentista, chequeo médico, etcétera) a algún integrante del hogar de 0 a 14 años y sin cuidados especiales, durante la semana pasada","3.78501135503407","46-50"
"Hombre","Llevó, recogió o esperó para que recibiera atención de salud (vacunas, dentista, chequeo médico, etcétera) a algún integrante del hogar de 0 a 14 años y sin cuidados especiales, durante la semana pasada","2.57380772142316","51-55"
"Hombre","Llevó, recogió o esperó para que recibiera atención de salud (vacunas, dentista, chequeo médico, etcétera) a algún integrante del hogar de 0 a 14 años y sin cuidados especiales, durante la semana pasada","0.984102952308857","56-60"
"Hombre","Llevó, recogió o esperó para que recibiera atención de salud (vacunas, dentista, chequeo médico, etcétera) a algún integrante del hogar de 0 a 14 años y sin cuidados especiales, durante la semana pasada","0.984102952308857","61-65"
"Hombre","Llevó, recogió o esperó para que recibiera atención de salud (vacunas, dentista, chequeo médico, etcétera) a algún integrante del hogar de 0 a 14 años y sin cuidados especiales, durante la semana pasada","0.378501135503407","66-70"
"Hombre","Llevó, recogió o esperó para que recibiera atención de salud (vacunas, dentista, chequeo médico, etcétera) a algún integrante del hogar de 0 a 14 años y sin cuidados especiales, durante la semana pasada","0.0757002271006813","76-80"
"Mujer","Llevó, recogió o esperó para que recibiera atención de salud (vacunas, dentista, chequeo médico, etcétera) a algún integrante del hogar de 0 a 14 años y sin cuidados especiales, durante la semana pasada","0.0757002271006813","11-15"
"Mujer","Llevó, recogió o esperó para que recibiera atención de salud (vacunas, dentista, chequeo médico, etcétera) a algún integrante del hogar de 0 a 14 años y sin cuidados especiales, durante la semana pasada","2.11960635881908","16-20"
"Mujer","Llevó, recogió o esperó para que recibiera atención de salud (vacunas, dentista, chequeo médico, etcétera) a algún integrante del hogar de 0 a 14 años y sin cuidados especiales, durante la semana pasada","7.49432248296745","21-25"
"Mujer","Llevó, recogió o esperó para que recibiera atención de salud (vacunas, dentista, chequeo médico, etcétera) a algún integrante del hogar de 0 a 14 años y sin cuidados especiales, durante la semana pasada","12.4905374716124","26-30"
"Mujer","Llevó, recogió o esperó para que recibiera atención de salud (vacunas, dentista, chequeo médico, etcétera) a algún integrante del hogar de 0 a 14 años y sin cuidados especiales, durante la semana pasada","11.0522331566995","31-35"
"Mujer","Llevó, recogió o esperó para que recibiera atención de salud (vacunas, dentista, chequeo médico, etcétera) a algún integrante del hogar de 0 a 14 años y sin cuidados especiales, durante la semana pasada","11.7335352006056","36-40"
"Mujer","Llevó, recogió o esperó para que recibiera atención de salud (vacunas, dentista, chequeo médico, etcétera) a algún integrante del hogar de 0 a 14 años y sin cuidados especiales, durante la semana pasada","6.28311884935655","41-45"
"Mujer","Llevó, recogió o esperó para que recibiera atención de salud (vacunas, dentista, chequeo médico, etcétera) a algún integrante del hogar de 0 a 14 años y sin cuidados especiales, durante la semana pasada","3.6336109008327","46-50"
"Mujer","Llevó, recogió o esperó para que recibiera atención de salud (vacunas, dentista, chequeo médico, etcétera) a algún integrante del hogar de 0 a 14 años y sin cuidados especiales, durante la semana pasada","1.81680545041635","51-55"
"Mujer","Llevó, recogió o esperó para que recibiera atención de salud (vacunas, dentista, chequeo médico, etcétera) a algún integrante del hogar de 0 a 14 años y sin cuidados especiales, durante la semana pasada","0.832702498107494","56-60"
"Mujer","Llevó, recogió o esperó para que recibiera atención de salud (vacunas, dentista, chequeo médico, etcétera) a algún integrante del hogar de 0 a 14 años y sin cuidados especiales, durante la semana pasada","0.378501135503407","61-65"
"Mujer","Llevó, recogió o esperó para que recibiera atención de salud (vacunas, dentista, chequeo médico, etcétera) a algún integrante del hogar de 0 a 14 años y sin cuidados especiales, durante la semana pasada","0.302800908402725","66-70"